image,nose,left_eye_inner,left_eye,left_eye_outer,right_eye_inner,right_eye,right_eye_outer,left_ear,right_ear,mouth_left,mouth_right,left_shoulder,right_shoulder,left_elbow,right_elbow,left_wrist,right_wrist,left_pinky,right_pinky,left_index,right_index,left_thumb,right_thumb,left_hip,right_hip,left_knee,right_knee,left_ankle,right_ankle,left_heel,right_heel,left_foot_index,right_foot_index
00000000.jpg,-81.68467084366522,-80.31445247366752,-79.71473628367333,-79.01396139756004,-83.37012635369219,-84.56001515514261,-85.49843291667618,-77.50618956090267,-86.45512344843212,-79.3969890169164,-83.29176558890525,-63.616290860289354,-95.38579588242422,-44.560639652408206,-107.73104028084127,-75.62162175949636,-79.85288844865606,-79.79887623519598,-78.62208252953162,-79.21280477545916,-79.89853836444583,-78.21205705422358,-79.91208191528386,-21.321644966870362,-102.43552204874568,65.47243682858402,158.73978681436293,83.20744998169965,70.03798334666581,85.10716246761078,29.70310591150804,86.01100062401416,67.16639837924113
00000001.jpg,-84.62972453472983,-83.36732253978644,-82.4058941042384,-81.69087400783094,-86.44158716527468,-87.48772787622525,-88.39849441808816,-80.28645588906073,-88.7940044025687,-82.19065235038352,-86.17385051654108,-67.37112491459577,-97.65101188177043,-48.52466975785916,-112.88417385255723,-79.64966755750773,-81.93263945282973,-84.56161142008621,-80.1222614310364,-84.32312516338854,-80.81713219243318,-83.11420558979495,-81.16804777881411,-16.47440723479308,-105.74744554488363,71.68462849452811,154.0752382961823,84.58315857903573,75.84763745243858,87.57910576310398,43.97722021427169,81.73968835354616,71.31412130325506
00000004.jpg,-85.0434475525769,-84.07192121768468,-83.37905213053662,-82.59325069714579,-86.27122156823616,-87.10226936780401,-87.88945332737016,-80.78238399241191,-88.84647781974971,-83.19131543630827,-86.08559324581606,-65.6223311570658,-99.01847306194762,-40.63606826063347,-119.06415206256564,-72.00219758205611,-81.30956864710963,-76.86767338768999,-78.24761266182013,-77.6861116413698,-79.14387448135531,-76.8175193184962,-79.73352441386068,-19.044276626319473,-129.68163054984356,75.1786632798531,172.7875872104637,88.92274088169928,86.54431693025025,90.85468056055755,62.550168319808414,86.41378310869203,77.14742809889532
00000005.jpg,-86.0795029907954,-84.3922625244038,-83.34758461865418,-82.36505655559787,-87.31900291956642,-88.09750337136964,-89.06073413795173,-80.36678095415681,-89.99677520095928,-83.932221964513,-87.8684889521656,-67.00444240549966,-101.02208626461719,-44.759828586027915,-117.70017607027677,-74.88942665893754,-83.48447064203965,-80.47071727042022,-78.68496470982868,-81.52514071887693,-79.624790742501,-80.22486499103651,-80.87543088575995,-14.614597276191398,-140.10173075072782,77.29086373815699,163.14805657859446,88.20670483073432,86.43462720739697,89.91285540050359,64.27153113810147,87.54652972369877,76.96247459393506
00000006.jpg,-91.14471849677334,-89.64048069555706,-88.7939573371808,-87.8818524283844,-92.53900554405543,-93.63674813598146,-94.4998841190804,-87.06899891011001,-96.09896577850101,-89.39288624966863,-93.4131267483096,-76.95772295993262,-109.89037646334909,-54.85015654278508,-136.14461869930656,-87.7526879022383,-107.10202006003256,-94.19991338842395,-100.35503294626871,-93.79021456087521,-98.77677544749729,-92.64192197351848,-99.7920763949992,-53.60757216423308,-156.03520210218394,29.589884314898057,106.3650876994864,93.32785175633241,94.49415777098395,130.11276569476033,93.49852210687295,107.03941663149881,94.55086079208918
00000008.jpg,-96.16715855398382,-94.46331996631568,-93.41211189595931,-92.56790250959486,-97.45050485207766,-98.76346065851406,-100.06574179037074,-91.34255269663562,-102.30892102605621,-94.40684857306975,-98.81849975159422,-83.70620830947372,-113.51438220078727,-60.74697544040009,-137.2125582055834,-87.91755362030788,-107.7572666042467,-91.62104512071383,-100.74191219048241,-92.85768351345106,-100.40594084083105,-92.72844731700478,-101.99337180579595,-70.4632817517262,-164.7263638939304,28.774580901435606,138.4580314269198,102.35092506150765,95.02584224242598,126.92200520301814,94.33907820584942,108.43316477029317,91.63510250714192
00000009.jpg,-96.52017155247067,-96.29138335350075,-95.91232683250666,-95.57107386593364,-98.04892020927615,-98.97453225144618,-100.05939551139706,-96.98967037564645,-103.57050049225674,-96.18723504280774,-98.65341308952152,-90.25056921687329,-118.8127515561312,-73.7933221514482,-131.02563462581085,-95.46990375455371,-101.37663797042491,-96.63155990109485,-97.4740586230173,-96.90341530879161,-98.10271911334003,-97.46819063663835,-99.21819825411497,-98.11812225093658,-158.0732738598522,5.619334955366168,113.61397668941235,107.80536552947348,100.40557049827457,137.2316162268061,99.70939189966018,107.4314683761595,94.32790873643991
00000011.jpg,-95.14552238780121,-93.64269452764144,-92.7873714121478,-91.87378080219901,-95.94265252969385,-96.90309900779597,-97.95804739800604,-90.1522347675574,-100.20256146422564,-93.79103269437293,-97.04535426405951,-82.3106363170724,-113.64722155360799,-67.01749295823195,-132.79760223020983,-90.94722167803347,-103.1388257964751,-93.16150547119487,-99.929499312332,-93.66966267311336,-99.68897393555544,-93.49022380050513,-100.06603047616825,15.216893508502295,-177.7108657241109,15.305473050935005,179.9134211166938,100.20516275548565,95.06422077799904,112.59288588052694,94.38763789863158,109.52289720327036,91.06925388748874
00000015.jpg,-83.88983696772638,-83.32167318588468,-82.71060057747722,-82.0767442078304,-85.10081107817129,-85.88105533854014,-86.69589838453537,-80.84861190333508,-87.17258120777646,-81.9551360704277,-84.61513655650128,-68.70433341152199,-95.57178810809127,-47.412446773839974,-114.81768582370086,-72.14784903098342,-85.7925579386668,-76.21499422722813,-83.96125032769007,-77.67999599170918,-84.43511929494281,-76.88699345284577,-83.65823625118352,-54.735689516055274,-89.65391510217702,75.83491049807414,152.78907659006177,90.46388594183182,117.69733867096348,92.5305829399447,113.33186364487874,90.90106198083164,106.52075289483247
00000027.jpg,-97.76772885947851,-96.05689046820228,-95.15901778672188,-94.3187390762001,-98.84002517725087,-99.8459602740975,-100.7834907128407,-92.95572919641272,-102.11233379174882,-96.33198155615511,-100.07919923902844,-83.20505690519175,-115.31411414809776,-60.7362935595818,-137.71428675797745,-95.564767622909,-107.93007588479084,-99.66369162759578,-101.722613717243,-99.19234378286029,-101.74677846664127,-98.63939748781443,-103.13637298266194,-79.77914030091966,-162.25700186155225,15.44477627021829,105.84375357761724,83.44765025268697,94.3482322142907,114.7810997955829,93.08934010250084,101.48983551199461,93.45340814131956
00000037.jpg,-83.08086224912591,-82.08184343468717,-81.34733752284345,-80.5088249847253,-84.40609790853247,-85.26563061111278,-86.15840642111088,-78.73865654454696,-87.24497048427196,-80.99296400188706,-84.24273167896514,-64.50517274838828,-95.41345167639813,-39.6850732272622,-111.51938396541897,-67.000264535957,-92.84332605979488,-73.67930218279729,-88.03710454642355,-75.9251358951163,-86.03667066759805,-74.34092708396024,-87.04839820910415,-29.905566090470494,-94.77309956235686,69.18626141947207,158.62828432487152,82.57959736716859,86.05619768326486,84.36772324682748,54.53916567074527,85.41931945144556,70.76582754315092
00000041.jpg,-93.62196772551698,-92.2669576109923,-91.47618563130607,-90.7392526067079,-94.77117191986676,-95.81353075702367,-96.84223067772325,-90.00882394483142,-98.83038582447061,-92.39460344613667,-95.94000016712347,-82.36300175864814,-110.28785988236375,-57.45268916167963,-135.8095897397244,-84.7568135273902,-109.11041674639071,-90.58313736536482,-101.70069337146408,-93.3545070314988,-101.0950103303993,-91.72912249750756,-102.73016777199447,-68.98688386471694,-145.98625312328352,11.107138220550466,118.29036341666489,82.04061411927962,92.91787379627917,135.394183896309,92.33319126575421,101.40464184117823,92.25030087713843
00000042.jpg,-83.13334355262225,-81.94894631561274,-81.16493632976574,-80.23656965708759,-84.48764030116563,-85.29907971451752,-86.21028978271968,-77.87470916920981,-86.74564561054798,-80.89343529844191,-84.24463617111066,-67.43320982442388,-95.75190860281967,-44.62562511881338,-118.50133953966912,-71.2355357209952,-92.03408009926845,-78.56126355164199,-87.94132415636267,-80.4136372878723,-86.57630268560517,-78.46988652697556,-86.24257590670676,-26.355774672165982,-120.199082021055,73.90319151011319,160.64420255044948,86.48731186309466,87.22595984359522,87.29322705978724,68.6797467087017,88.8707433424446,80.87200790262443
00000043.jpg,-88.47237093464365,-86.95491145690836,-85.34854253872831,-84.62150599265433,-88.98745735296146,-90.58637895299204,-91.17300702999829,-83.98102782166995,-93.30176957268252,-87.47487930527501,-90.80554628656304,-74.01783277181781,-105.03015015166194,-62.556333107508124,-119.025135428105,-82.28558204073664,-101.78925130885072,-86.6621018651427,-96.50163490174182,-84.55265074638477,-93.5090837506914,-84.30824438187862,-94.45977507555209,-46.774940789045935,-157.60563949900236,58.53601680830396,128.33209931272702,83.25001970762203,96.42045053221763,83.8580809402076,92.269529401915,87.218406818397,98.02273870565706
00000046.jpg,-96.1172916196346,-94.37976920579865,-93.6262075951867,-92.8286019342721,-96.8860037834744,-97.86665076053234,-98.88510975256354,-91.7423127143823,-100.55677441241829,-94.87982641811112,-98.6017741303362,-82.93882511828717,-115.45071838676478,-61.75243544313871,-138.27016261503482,-95.94756664552662,-106.24725867995507,-98.90306292891484,-100.26393801508006,-98.24034711377966,-100.78889559329055,-97.83609327771576,-102.0084986200421,-82.92828584306183,-161.04108625582916,20.8996392717765,106.45349936897796,94.94252125992638,92.4409431928595,124.37087347782796,90.83611583066403,105.89033970985695,94.14327140741446
00000047.jpg,-95.21967262804604,-92.24441891149355,-91.56381855443976,-90.06450220749437,-95.11686865538556,-95.73249702845932,-96.39970541213064,-86.86660259873602,-97.24159611156182,-93.60989203656139,-97.81380109783083,-66.5827979360054,-109.46934527484196,-40.55268739416614,-123.60060385019764,-87.36547111715048,-119.92175768987704,-97.70442132591182,-119.75967675865972,-96.59372901722698,-114.84510389970175,-96.39792145755386,-114.58817278843644,-58.061024202691286,-134.46164631762787,83.82204626976694,143.0306182292533,93.18669870427814,112.80885316097938,93.95221708606769,110.45517601481482,94.32706069138037,105.83986310758792
00000056.jpg,-85.26663962031203,-83.8477598693895,-82.9118968631078,-82.14026155435197,-86.78413003240168,-87.72062270322917,-88.64833185806448,-80.1904176597521,-89.48092836581979,-82.70997711121736,-86.59029536617182,-65.97275626122747,-99.20731589637421,-43.3955435144848,-123.7169801040229,-75.41732517868554,-86.51880220424053,-80.76259330876611,-81.81502417444264,-81.14699938414469,-82.76402304785177,-79.75788246822664,-83.19746285881811,-20.061705860733255,-117.84323707828536,70.74770959600323,157.03528700416575,84.50770727567583,104.5504147654139,86.3721502671355,64.7301882467323,86.6197746924647,80.48102287591816
00000057.jpg,-97.32199692916434,-95.75484716320197,-94.68181917619319,-93.77537866907184,-98.61970537328162,-99.63326373448442,-100.44433168352573,-92.68623022612714,-101.47079837470523,-95.73715132508622,-99.77460691090928,-82.95818785783702,-114.87747796469048,-60.34478075570589,-137.93373583966715,-94.49620555796952,-109.0373835101705,-98.59689552146112,-101.72729122174644,-98.61363529907902,-101.87877913895409,-97.82760668883714,-103.49431719865144,-82.85206497379389,-155.54771819436237,13.822419582548424,106.9775383197545,92.9170905095268,94.8736902581414,143.9667825824915,94.10232366264711,116.885473210822,94.10728933685716
00000063.jpg,-86.52933798579956,-84.94897652458341,-83.85217741341899,-82.9503357239719,-87.87330915483913,-88.9145851459124,-89.52703008211579,-81.06265629285572,-89.95236228433015,-84.11187601906802,-87.9321250057845,-68.35783887699964,-101.02978747537301,-47.53521487257755,-122.59963607323186,-79.73992418781894,-91.27668849510026,-85.38234353711961,-87.79755680958944,-85.53203979267582,-87.43173071273908,-84.09753601972281,-87.6222758693286,-24.483675262909262,-128.4434599002087,79.35684633753796,150.73542149855965,87.36437889541344,94.81377629968222,87.88242889036768,89.18963207404131,87.90520286312807,90.02974818580087
00000065.jpg,-90.35515378458379,-87.72298065183149,-86.61969407439796,-85.46607660747004,-89.8801778374929,-90.28740262341881,-90.67150729308442,-81.6984541888721,-89.02797862183252,-88.09029544235946,-91.02431251411024,-65.26560143136328,-98.93661537244812,-35.96034936322647,-125.91790151733778,-68.59518995554609,-88.6554889296962,-76.30994470786335,-80.2674383936163,-78.8851183451681,-79.91899546499754,-77.29815722735283,-81.94493909396516,0.12858487650125716,-110.02014857364496,73.28306049363655,162.46926392684972,85.74246284502276,72.78032688010737,86.80414022236948,52.020846223567254,87.19945770457309,79.0243908376344
00000067.jpg,-85.2672532434799,-84.19565025216926,-83.32545792154313,-82.42473250461939,-86.80080695235918,-87.50979193316141,-88.09064395112713,-80.77843893386324,-89.05735569831981,-82.87830104068912,-86.5399345253762,-65.60929307181335,-99.92248583610002,-39.62239725424029,-120.79943794530558,-71.46243699811802,-84.27275101462106,-77.92620155815625,-80.22830213362614,-78.48590064454571,-80.7218096023185,-77.14901984706424,-81.37053798913006,-14.167096629979984,-133.67243484486886,76.57644497353303,171.36801422806946,89.69567250131966,88.76284700414197,91.91156739751584,70.06470522852109,86.59178557200266,81.67764702360357
00000071.jpg,-85.89345784089438,-84.2113802394466,-83.19635071788723,-82.22427097842198,-87.09464265022892,-87.82615561151223,-88.84603887068008,-80.24463376089211,-89.86741272518536,-83.78664532533487,-87.61863340415073,-66.86339863879097,-100.85822736040154,-44.66385397116669,-116.92096891197049,-74.97530913888049,-82.92061448596229,-80.38612334485107,-78.78084531685991,-81.7048541047907,-79.82465547793497,-79.83147180070854,-80.79576686506569,-14.126461684977238,-139.10170651685917,75.99142241106519,161.58931027503164,87.85220447833737,92.95766466056378,89.65855142043061,64.07001847421463,87.09256313305933,76.35335557821668
00000082.jpg,-84.01788234403709,-82.65177218393593,-81.79708638308132,-80.96976673114973,-85.08854448651952,-85.87751578573646,-86.58384866074465,-78.99589929437683,-86.85370269070675,-81.32258391097523,-84.88483804847013,-64.87629151503229,-95.57597901567112,-42.2268334185376,-118.64544133324826,-75.66992295621736,-88.1350218443589,-79.5731063975949,-85.59529214276228,-79.86840904970994,-84.87260112433265,-78.95151680803235,-85.00855165387955,-30.82785915385636,-93.30004680863358,61.36402451561008,156.18128982028796,76.45014614415601,74.79614990317852,77.4112313483044,50.671680169384246,78.3508151131486,73.42064974011704
00000086.jpg,-96.502956023679,-94.90560497988717,-94.08406332365271,-93.26872074323384,-97.46198943335509,-98.43351241173193,-99.4097403618987,-92.15133026284222,-100.80246502238407,-95.12460021089606,-98.62117761176432,-83.68710633528252,-113.37719604363296,-60.26145951150124,-135.28239933184847,-92.65596838530729,-108.00261008586126,-97.46307649212815,-100.49935091942247,-98.35101200391153,-100.23367795711802,-97.09922025721278,-101.68898587716146,-83.45625400914915,-151.34834310038613,0.8418576305416992,109.18358260793268,66.18414433700288,92.79788787439254,172.08847621795587,91.54769974498815,110.75752943895093,91.8664674348988
00000088.jpg,-84.27572988957134,-82.34446898830613,-81.3322601943216,-80.2886836492932,-85.15626515037697,-86.01432743621116,-86.88152676520241,-77.84991126990006,-88.07330133992359,-81.79514483541945,-85.511325483729,-65.49564422557236,-94.25978934507124,-43.832457781525974,-108.26341219715844,-72.93278324147983,-91.47264246206335,-78.35534861114704,-89.21258631140255,-78.2823796268104,-89.02950838867511,-77.19777121237257,-88.89381163776456,-36.49830768114634,-109.5003519265269,-13.048173117732752,164.53660673937875,84.7621913616897,-162.88046398981692,86.34195056992071,-175.02476126162512,89.62595017411698,82.09884859853757
00000090.jpg,-83.32556798555187,-82.01782347055169,-80.89052647441407,-79.8625595940182,-85.18023610941643,-86.15389427666857,-87.04288210530466,-78.39092380649187,-88.21170097166866,-80.78183367215247,-85.16120806194854,-65.43817291321136,-97.40715706940357,-45.10048494079889,-118.20324346941025,-75.59898381751681,-85.38396334148982,-81.49772703658412,-81.86573539711311,-81.66718624671833,-82.28199634868481,-80.20324609483175,-82.59974315620512,-21.462050007144125,-129.54391881492853,74.21940212025554,159.2369532553797,85.3311110374214,94.16849253927039,86.49048950622654,88.97241542349789,86.0840364488288,88.6153505023029
00000097.jpg,-83.578443010374,-82.80596057083149,-82.12203163635306,-81.41515654156974,-84.78648507285887,-85.55606167623048,-86.3299251866919,-79.5500793049311,-86.45648654780652,-82.18823719806872,-84.50769712434163,-63.66430044190051,-94.60020635981492,-47.42267329179923,-106.15355455739724,-74.95828711898487,-88.44214482809062,-77.37702847212027,-87.7829544920485,-77.41485457159328,-88.36861356191777,-78.880454049807,-88.38829485695022,9.188113855232968,-151.0531992451284,74.54148391176412,156.19518810861626,84.90945972612374,138.52823410476861,87.62824415187058,127.54488205440568,86.08292079700347,107.63512214884548
00000101.jpg,-86.41011771047076,-84.81578405014015,-83.6547849174235,-82.6647040940299,-88.14469547343758,-89.2440090910916,-89.92531512493949,-80.59130775243536,-90.49105376790659,-83.604664560585,-88.08974777995728,-62.69799599826477,-98.45203705954336,-32.32161796297652,-113.93217733096277,-77.73732482507094,-82.88043223260583,-84.55427291929024,-79.60740351092228,-84.26775270106238,-81.33853958986947,-82.56571129950173,-81.93021396253579,0.689716024066413,-121.93117506595186,66.25420870521688,163.81321145551482,76.86979347184261,69.37387101188487,77.6741482222212,45.62580393193752,78.82015638004758,66.53180802995631
00000103.jpg,-85.31340711614585,-83.91922483641225,-82.8307306614065,-81.73859071638894,-87.3926597470314,-88.83609792137706,-90.22737014366221,-79.86571972871906,-91.97203255415718,-81.89022901780477,-87.24257523767224,-67.35999278451831,-98.53280278534308,-40.24200511590898,-117.96929862412665,-64.57222870912486,-90.57998406477351,-69.61518730856928,-86.63122812134662,-72.06819566261998,-86.99720548654636,-71.35097646709535,-88.52829380367739,-8.89944478890056,-163.33264891599455,120.97509671050123,143.38633173161608,84.11669652582329,127.12385859651539,87.72233912162007,126.82830580979679,80.43111854550135,113.99497546922274
00000108.jpg,-84.64935593867634,-82.98697244324276,-82.17785482798345,-81.1843612465051,-85.47373095765714,-86.21607463629012,-86.95182762754273,-80.25368814352444,-88.26455166942601,-83.18082327916949,-86.60035955767026,-75.00054948938454,-95.71605887684244,-63.76661527142021,-113.11699066454958,-80.04693856384165,-93.37572792243519,-81.70568659088181,-89.77231591903035,-82.13455552045674,-87.79417706255506,-81.90345447770449,-88.26892056680306,-59.09411808939321,-129.05525830843104,81.16538716878374,124.60360228048012,91.87578648980985,107.9513086153756,91.8405216085206,106.97798901947613,95.9067372159041,104.96672918435317
00000112.jpg,-87.44820612517076,-85.11065243936608,-84.2360542584772,-83.45267833933755,-87.62821529328633,-88.25845186813356,-88.9046905799095,-81.40106335977468,-89.4419649951629,-85.27190440685644,-88.72664620009056,-75.58768613109224,-96.35952993091782,-64.3124314362567,-105.51658269882572,-83.49236916579272,-95.58194901655683,-85.54017808440982,-94.06900408640942,-85.27351230350115,-92.07620022849171,-84.92421044186601,-91.88718690635127,-65.02992614722635,-124.62331791918106,89.2130311259367,130.90079062845203,94.29944566835889,108.18047379370351,93.65637309327458,106.07347169004099,97.14972293226936,106.85741745951697
00000138.jpg,-81.0509377376872,-79.83987070020055,-79.07126343227536,-78.50000249335986,-82.6454116460341,-83.63740548727527,-84.57820156540677,-77.259787396965,-85.73214515685292,-78.88394184806187,-82.64906926884733,-63.55269941151624,-94.98880379290766,-45.39524599876367,-106.82007368852881,-74.66486062362846,-79.86348443156162,-79.3646053366138,-78.56096365454354,-79.37221355659146,-79.78903838609199,-77.92198758359964,-79.9765397415339,-18.437584191511675,-94.15452631842545,63.665567046319154,158.46819051355794,82.99735706331349,72.1754668290197,84.74480777444052,34.163667796945155,84.89713959592946,65.88771432876126
00000142.jpg,-84.33485913377481,-83.20794026449293,-82.28399537249108,-81.4688573416563,-85.7688735957125,-86.62521032914712,-87.54236029046693,-79.76645295615214,-88.89859801150344,-82.20585231722904,-85.71431750676082,-65.27921471362406,-99.41291172947238,-41.51681617704632,-119.41469080349322,-73.57175913268031,-88.0943825363647,-79.87183669054181,-83.79949515576557,-79.2778008426197,-82.97164250115256,-78.0231082993189,-83.28282587886831,-17.872894627157926,-110.69397320717711,77.82688570057059,172.50045434040203,87.62935941560207,101.26764369804806,88.99839049185096,60.446372549157154,87.54520030835648,79.37037559882484
00000155.jpg,-81.45702338478002,-80.46713442970172,-79.73391161740335,-78.97597287791625,-82.69886127162735,-83.60702366746425,-84.54317100043697,-77.86506738939484,-86.18315348487319,-80.02831501479429,-82.90925307380735,-66.0739349991157,-93.39290057775669,-47.1083169132062,-103.18913049821865,-64.35407319480548,-90.52448812520737,-68.73313401542961,-89.30929814696238,-70.41039212207048,-88.58106326351287,-70.07374057225458,-87.9755436917135,-27.094754748344748,-73.23713495222003,74.79198046303009,170.46083260158284,88.36004915440733,76.49582558042442,88.8784030426014,51.56086024917982,92.18591211889506,82.88198680326224
00000167.jpg,-81.28093702717229,-80.16773829126016,-79.28901544534969,-78.53723789460338,-83.00954125565801,-83.94604954045917,-84.9649135520921,-77.72641190342016,-86.0018162208541,-79.14355934583062,-82.89711915792387,-65.52391751915289,-94.35530201192549,-44.096977686401445,-106.23526595765412,-70.65582374105846,-81.89557719125514,-75.31737492355603,-79.41325803555475,-76.00567582420534,-80.460916075148,-74.99787856274695,-80.96159896043744,-27.39857478455959,-83.4273714435749,62.49406285531961,156.09134791737384,76.85473125486364,80.39850347264051,77.928182659825,70.34385796257199,79.7997881051004,76.20452196787829
00000172.jpg,-86.7231622164376,-85.64382983385596,-85.04487920679419,-84.39569664693082,-87.4568569658094,-88.28645887303384,-89.08574503757872,-82.59233221097995,-89.58126246912406,-85.42027384630123,-87.7557915562272,-70.29813455035055,-99.36081858998658,-68.18039030730586,-115.1012071924709,-79.65237898303619,-95.25543312576758,-82.13283746573951,-94.85241215987391,-82.39770176841486,-93.28587334447688,-82.16342902325964,-93.58529803409785,9.071124575984765,177.60362479892947,74.54812626512775,154.97745460930105,82.40974422511296,95.37291395559207,83.11574734534585,92.11832097282117,83.94898087502648,90.01530918755014
00000176.jpg,-79.56831320306966,-79.10942550871995,-78.15845050301505,-77.18363361010466,-82.21582656489923,-83.51353226852498,-84.83697476200739,-75.18336195916241,-86.52202886641605,-76.4799306671057,-80.53253550812985,-59.87069592712712,-92.74113940692304,-38.109947602034644,-96.29622517233356,-64.08133891650682,-80.79531930893934,-70.34997130497456,-79.37718976235112,-70.2121603170053,-80.3949518798348,-68.54541437640262,-79.66237443218687,-21.95973368941746,-83.5351984044304,53.05701789357107,160.06804771003178,75.93340561498094,58.06218417523121,74.70834591156478,37.35472152322025,84.71576608758562,56.803625685696865
00000178.jpg,-97.38343943875594,-95.90534725545601,-94.995930175453,-94.19646133651585,-98.00466636523244,-98.95086851557224,-99.99967173301867,-93.0817547294756,-101.47190529987273,-95.9581646138106,-98.95339485415413,-82.65724355217216,-115.58277117788761,-69.81973409687483,-137.46622208263096,-97.52753752664083,-108.75618851091599,-98.75485585668535,-103.64105025522136,-98.51772742568053,-103.37575178222839,-98.67397510179858,-104.35911145540629,-71.46394329718284,-169.03019202829012,4.6647126555398835,110.54745336642627,148.19054987495332,97.25669530320376,174.22925826303504,95.94330243664584,142.71607122917868,95.86555255703895
00000179.jpg,-87.49273256629395,-84.92347345682248,-83.8605282006008,-82.70001826193837,-87.27291284742108,-87.97245722462212,-88.55372383253044,-79.39702611268821,-87.59755188526647,-85.6589904754677,-89.0751432478083,-66.21123749600416,-101.60299572749744,-38.06816400043003,-131.36651512152568,-73.87219426875288,-89.70851908797465,-82.8332351108846,-81.52127566525311,-85.04440133756871,-81.14164614627225,-82.9113197117503,-82.68344586357777,-7.395769665301416,-116.57908659400331,67.71971729875074,165.065538393292,86.12086966742126,76.95779112756782,87.4822880081495,54.73216916051685,87.66535628660863,78.92913771372031
00000181.jpg,-84.77322516848145,-83.79074609419224,-82.91179827477073,-82.08073438194346,-86.35498484673664,-87.20502814503733,-88.01749333009961,-80.72862308897341,-88.72416605364658,-82.42517844668126,-85.88702306299977,-67.20992445711765,-96.23914015717126,-46.38448220582981,-118.52166914372053,-72.43012114576001,-87.6294811575971,-77.44773208283478,-81.48326787681246,-78.19839132955644,-81.44931036192732,-77.15651603912771,-82.3755879124627,-29.514100028633536,-116.27942194890908,78.67245029117981,172.12991180508325,86.6558335522394,100.01363791743563,86.84801042435393,88.32309394932464,89.5012781571404,86.67604063748546
00000188.jpg,-80.7427896845197,-79.65649913898854,-78.83690271397474,-78.21721460529305,-82.62046546584,-83.68071551594828,-84.58164575482273,-76.47368162188853,-85.63333541198932,-78.13506645271022,-82.02141781701165,-60.495866444867545,-93.48135741487661,-40.830716444380826,-106.63814209178842,-70.55480860277412,-77.2742180596872,-76.55792206618639,-75.93158797039091,-76.18490860063162,-77.17442017794268,-75.20852224279757,-77.38465742430398,-3.5459364795808654,-108.81962229269608,74.81635798146615,160.48935314171996,84.47542589751846,85.97376272376138,85.71949959191531,57.829767979579145,84.89244292429557,75.52657681477791
00000195.jpg,-92.34154044421649,-91.16499423802979,-90.41872392020248,-89.69259837140088,-93.18827869158403,-94.00312855040384,-95.02593748506885,-87.71349002342109,-95.8826364498606,-90.99852135144515,-94.00028362587165,-77.37813482516951,-102.7931329449563,-54.630452890710764,-114.98216409957307,-80.66823618653734,-98.05054634249075,-84.05507202171636,-94.7398803224152,-84.74996508356509,-93.47149080894401,-84.97059464591511,-94.49565155241751,52.26712900207216,142.39519916134364,74.49050280358439,156.52133696553676,93.14151679998251,101.4950461919158,93.7894903412901,98.16140342095038,94.9078445298027,96.90171080517916
00000201.jpg,-92.04702744078487,-90.44381469763721,-89.49363825082013,-88.66516467001708,-93.35250457488812,-94.39946366385298,-95.26902338504959,-87.5407497001146,-96.7192752446452,-90.58355932467896,-94.13051622450419,-76.31719650165519,-110.31833511979939,-53.06533857002581,-137.07008834927262,-92.2675621396563,-106.58018880998159,-96.28547323578238,-99.48801202906715,-95.67460615498901,-99.40852459205828,-94.95246698669962,-100.36904255907696,-50.95758906390217,-162.7524715148051,33.29231907612398,106.02386174484252,96.11851529867124,94.60406341667448,120.73464876882544,92.68052738820235,105.94443538463136,95.30695161230913
00000203.jpg,-91.4454649622355,-89.71204615937305,-88.94079824623323,-88.1633314439013,-92.10843833248715,-92.96682911748073,-93.81678194460352,-87.49930117317706,-95.85442566860777,-89.05911196689351,-92.35416530333683,-76.4403535426552,-107.16350765536008,-62.40760823794075,-113.18252743282964,-82.65863737471099,-93.5836817405684,-83.20301322977303,-89.8757221550356,-83.93652103753179,-89.87723815253398,-84.09235656107202,-90.19957440973015,-63.34366613745868,-125.14312059405947,55.847548446686346,117.8884231097733,76.40866540127378,93.14064847452083,76.71547208030539,91.25399310468688,80.55486961766407,91.51688148698061
File11.jpg,-96.16978547386746,-94.60181686350188,-93.84472702805328,-93.1793422474642,-97.27291783492512,-98.19007122921685,-99.05782925949757,-92.14405725889351,-100.49998828445476,-94.72235470771312,-98.23667872181501,-83.43846288848621,-114.04941802458858,-68.70510685738628,-137.160417232786,-95.84000964644332,-111.43976412390023,-99.54002689882549,-106.11059292191673,-98.73892692811187,-105.36913554805886,-98.2380383239002,-106.18923997121546,-77.30912320402642,-153.99552287345264,17.94727001111177,109.3063225368352,86.96112708742531,94.78702119078729,148.0934071561945,93.31465160988063,107.70506948854538,94.79146202391149
File18.jpg,-82.28819467967193,-81.26668127409513,-80.48889032582372,-79.61587344791673,-83.9149605771821,-84.92527961581457,-85.84517774010146,-77.6288609153726,-86.77462066719112,-80.13985119444519,-83.77898389875172,-65.62191375891541,-97.29659917352694,-46.21303571710441,-123.4919737312633,-77.00435610012414,-84.31602353506935,-82.3564585122979,-81.65595542555941,-81.6103053584164,-81.59961831718027,-80.29864965652716,-81.83573803971635,-13.808594439762206,-133.4661014521468,84.65543292100543,147.86957832311086,88.71562156609788,87.4096918238593,90.25821559845217,58.540297221260786,93.25107112836967,74.4863242765886
File25.jpg,-86.8599520397191,-85.34185047308794,-84.54896465617362,-83.65930526502895,-88.32993960515992,-89.44916038549867,-90.34889931243974,-81.96818784478725,-91.54108180913224,-84.65613784638826,-88.3942202971242,-68.27378192615622,-101.56156095546456,-47.51026076534498,-118.24759655997022,-80.56344009203295,-86.46567730897472,-85.30377903367064,-84.84608638375292,-84.58994322171063,-86.20700535416151,-83.6896115555883,-86.57209082440333,-6.072763916904014,-153.61385607988822,78.77688735542831,135.38642147831757,89.58630556374959,102.18455325857487,91.51710434867731,73.71137942357788,91.48998945182862,91.79694188947995
File40.jpg,-83.90209103125154,-82.7528047598775,-81.62488892557721,-80.62547330917795,-86.1697240026373,-87.21356344275908,-88.23240698841533,-79.54846064962742,-89.50817034040597,-81.46362782613144,-85.22628387203564,-65.61515070586088,-98.93170743174832,-39.59587315334841,-119.65114564284413,-72.38780392035781,-81.00446069967099,-77.45875765815639,-77.37919416429555,-77.67981636973035,-78.73222065811802,-77.02149835283441,-79.47744973104058,-20.583678220140694,-129.24649270520854,74.91163717553931,172.17544913882458,86.05525649618788,91.45998481807642,87.76159128830693,66.45497083700192,84.11373354178103,78.39621231842854
File41.jpg,-79.78030988908083,-78.84703690443534,-78.24591642951906,-77.61677884266666,-81.26622197211044,-82.33119071173607,-83.3519183720708,-76.449791013777,-84.7854682054179,-78.0542627046413,-81.4097557293536,-63.899285233681894,-92.82617771853316,-43.95822038705992,-99.68899955075878,-64.13529182482942,-78.99594466132483,-67.26682905574557,-76.66820021910145,-67.56913605582785,-77.3245856420026,-68.2098244329451,-77.87541965777376,-24.35080049492218,-90.49258923467616,72.05983908181867,171.72659508278593,85.46735129652433,60.31189944808948,86.15624738250683,31.183350693847192,86.24360590860212,67.4671788873638
File42.jpg,-85.18782001748704,-84.05489692433125,-83.25515362751662,-82.60412767790407,-86.9305092725676,-87.90250846502717,-88.81117747934587,-80.89849193609324,-90.00021038833304,-82.99594139097269,-86.66155092696526,-66.9264455469175,-99.72129321966355,-48.326319547436626,-112.92024490481626,-80.14312941555782,-84.80310081022225,-83.76022086278005,-83.95017652667472,-83.46000929010378,-85.00490324561176,-82.39187463253693,-84.78804533253088,-22.759558595466736,-125.8342762840752,77.3293380331734,135.65625023224874,88.49218670915589,61.21643509343805,89.70945030348913,33.118286845351335,89.43753844186809,62.69590098336797
File47.jpg,-96.91785743165991,-95.3576600657981,-94.58418676382146,-93.81178954935966,-97.8766255208368,-98.89722843507386,-99.89785119047707,-92.80912722877189,-101.57095648566896,-95.83566548982823,-99.34764225739954,-83.21913082682458,-115.34500958893327,-64.8066826280147,-138.74987612180644,-97.00252818272656,-111.86355969727532,-100.38050597472724,-105.45476315755653,-99.85771109631285,-104.70032760044201,-99.54113170230453,-105.81069131587729,-74.10511045176231,-159.6433194035399,2.0367426186265685,104.90035009298626,98.82519603032155,93.61072343925906,129.87452203598315,92.22535990035252,106.62380282124516,93.82895280337083
File72.jpg,-95.41857689343261,-94.12303291624922,-93.34569644177947,-92.58176451487846,-96.48995694009642,-97.46637944111835,-98.48314434886608,-91.7744364587946,-100.23860466485374,-94.03657349778557,-97.46333091870757,-82.63555267392422,-113.39748447321628,-59.7131917464242,-135.99439199470257,-92.04774098918301,-107.72634121188172,-97.66339843783477,-101.25911416205506,-97.46288700612246,-100.43133810851054,-96.41766902579771,-101.7535440856939,-82.37430279266198,-148.99465571956605,2.871604544637902,106.04541727644522,87.70254381670514,92.57166888557323,139.38134482071342,91.85796165759854,109.97784158266646,90.49138478141111
File83.jpg,-84.69591776563493,-83.2836268491177,-82.3213962166984,-81.43205082459282,-86.13103286689946,-87.16312212424513,-88.20606994703812,-79.5323910113873,-88.9639348233516,-82.54610247027045,-86.21638323455703,-66.03187586759282,-98.57504810219093,-43.89327908788388,-115.73871393992877,-72.93208750545115,-83.85853075019632,-77.95040852208086,-80.3936813629429,-78.72975747070473,-81.27438788322712,-77.55364237602045,-81.46187546305643,-14.3561928906793,-106.43054313368064,72.71386829936236,154.8399068560557,85.99986720351471,92.96757284955964,87.78861966195853,44.278969279920126,85.63593931919702,69.37603579114344
File84.jpg,-95.72011842612945,-94.02991697727843,-93.2605006644925,-92.4777531759271,-97.04127536201413,-98.13508171264583,-98.9942868407426,-91.0718216761739,-100.57453879503564,-94.32377655245402,-98.11722376915591,-81.41479413314963,-113.4564023093207,-61.92285609102638,-136.42441365984433,-97.37506330715536,-104.29162762621611,-99.86247099894953,-98.6588848699957,-99.6151070530852,-99.22164588361412,-98.7910037734733,-100.30578195040509,-66.24614930008174,-155.79321426633874,29.656253961362836,110.10869012240481,95.94563373651792,92.5373511423945,126.06587693581157,91.16081657134364,113.4311364985728,93.39258511575056
